Date,WaterUsage,ProductionLevel,Employees,Temperature,DayOfWeek,Month,Date_ordinal
2022-01-01,117.01840226661012,51.1629227111937,48,21.77401495707456,5,1,738156
2022-01-02,123.85695276379806,51.91170018978745,15,22.332212658671484,6,1,738157
2022-01-03,150.0149389188175,47.84311527733762,70,19.847832744616127,0,1,738158
2022-01-04,126.98718405782353,44.57227714510594,31,21.068164369088645,1,1,738159
2022-01-05,124.4027011676688,43.47274756312034,63,19.307924929334053,2,1,738160
2022-01-06,129.71436648054248,47.87283265566776,71,20.947427117037925,3,1,738161
2022-01-07,120.18387615298148,50.13948487146659,31,23.10555490557128,4,1,738162
2022-01-08,125.23817047697366,50.9406844513649,52,19.377801895843078,5,1,738163
2022-01-09,111.81937644248087,51.60813806798726,11,18.3866376869178,6,1,738164
2022-01-10,143.27556892602465,45.82763795203023,17,23.11543468558815,0,1,738165
2022-01-11,121.97532106350148,47.09780924926878,46,16.05501307300983,1,1,738166
2022-01-12,125.40264961051366,49.50741789841624,60,21.40766804268074,2,1,738167
2022-01-13,118.99159986179946,49.913558177425614,21,21.34553099120469,3,1,738168
2022-01-14,124.06579612457072,53.19083811311821,35,19.89920380241024,4,1,738169
2022-01-15,122.65087014137526,51.78663576002123,56,21.73070521725328,5,1,738170
2022-01-16,122.97652641396355,52.7391881525294,68,21.675582263741585,6,1,738171
2022-01-17,134.20751983306036,48.85141901564874,38,23.41493025050643,0,1,738172
2022-01-18,132.555606778678,49.39701701280957,73,18.650656992186235,1,1,738173
2022-01-19,123.94503425187472,51.65784442981345,53,18.887410671839355,2,1,738174
2022-01-20,135.17654832612675,50.34183644824586,55,18.17688560469604,3,1,738175
2022-01-21,128.33933243774538,51.4040359393573,96,20.47697903065678,4,1,738176
2022-01-22,123.97894603122197,43.32782541838053,76,17.054860601709237,5,1,738177
2022-01-23,124.99168358842856,50.24911453759629,74,19.215064643495506,6,1,738178
2022-01-24,144.6440416558154,48.18364333192131,95,20.777051328349486,0,1,738179
2022-01-25,116.48486524665472,49.60289142529331,41,16.91212964824811,1,1,738180
2022-01-26,127.48810423420758,46.70312293052461,92,20.359349562067383,2,1,738181
2022-01-27,118.37810402036224,48.57154361652847,86,18.54181061096794,3,1,738182
2022-01-28,130.93827782341498,52.09555279887231,70,19.673986606396973,4,1,738183
2022-01-29,113.4153879569606,51.13380362166324,45,16.802875050285532,5,1,738184
2022-01-30,136.52348328526926,48.76912529302717,93,18.48806075166868,6,1,738185
2022-01-31,150.5966803962686,56.18686286492964,80,15.30195941337622,0,1,738186
2022-02-01,120.66417892418671,46.76207180832839,93,20.316273017964733,1,2,738187
2022-02-02,124.28462544007076,52.58164100426653,80,22.237706857846835,2,2,738188
2022-02-03,123.63308079966596,54.81933099908957,90,21.312734529041723,3,2,738189
2022-02-04,124.20649564748352,49.97067570873456,19,18.75454469886756,4,2,738190
2022-02-05,119.90400327926368,45.524119613330285,67,22.71347808903792,5,2,738191
2022-02-06,128.81715881095468,52.63503612637584,71,17.54760440173216,6,2,738192
2022-02-07,150.5251093281165,50.557717091406616,84,19.353390469438096,0,2,738193
2022-02-08,128.93142770898507,45.10800487522652,99,21.89989066622862,1,2,738194
2022-02-09,119.87781962256182,50.81282384777946,20,19.213147439763983,2,2,738195
2022-02-10,129.20238896856037,51.88763717966636,85,26.475743773316168,3,2,738196
2022-02-11,117.3738168535885,50.31858037474976,29,19.58362396073359,4,2,738197
2022-02-12,125.99930211980872,50.46112600639864,36,19.92855587330484,5,2,738198
2022-02-13,114.8466641020793,48.447447087750405,34,22.42717645642118,6,2,738199
2022-02-14,146.0396808455053,48.094572226413305,73,17.968886261134415,0,2,738200
2022-02-15,126.60232407408536,52.19979272816528,91,19.5842025720254,1,2,738201
2022-02-16,119.97439593784094,53.42927950502538,14,17.738249293836734,2,2,738202
2022-02-17,131.97471518838634,49.96325341002996,72,19.951305711883283,3,2,738203
2022-02-18,130.27884357808065,49.92438820665684,93,22.27082964697636,4,2,738204
2022-02-19,122.9459212253298,42.33649513619167,58,20.44655937574313,5,2,738205
2022-02-20,114.86852286502216,46.16588609569239,91,19.55546895187446,6,2,738206
2022-02-21,138.86646600812938,55.75283695133247,76,19.29885227678757,0,2,738207
2022-02-22,116.91853517225776,52.73764655670493,38,20.983346267894383,1,2,738208
2022-02-23,129.51498227427464,47.81693535965426,77,22.42379205122543,2,2,738209
2022-02-24,116.66423011961206,49.874466784846845,62,21.766728950831364,3,2,738210
2022-02-25,123.98904498390124,51.12252960096423,55,22.799808907312222,4,2,738211
2022-02-26,120.5143118372194,53.61062124710763,83,17.778889618486737,5,2,738212
2022-02-27,120.3223852586427,51.728054304353726,52,22.88358133878024,6,2,738213
2022-02-28,153.57662598601456,51.36525046672044,74,19.382222638431728,0,2,738214
2022-03-01,137.1177448624535,54.55234973296759,95,22.295974700490305,1,3,738215
2022-03-02,121.35898542827196,51.58023586082484,61,19.156094315464788,2,3,738216
2022-03-03,126.94962168028388,52.49239725073742,79,18.258258228408724,3,3,738217
2022-03-04,127.3108734611377,48.29238340022998,62,19.743923309941835,4,3,738218
2022-03-05,113.51780458654731,49.84622731038924,12,19.15464405320696,5,3,738219
2022-03-06,125.72306961904228,50.62987000726543,94,21.241441204151855,6,3,738220
2022-03-07,155.6933463397694,49.813226209297575,71,19.187594220824888,0,3,738221
2022-03-08,129.3184940083161,53.30696665021746,89,21.94903421184221,1,3,738222
2022-03-09,122.45881701790424,48.31393995425545,27,21.63349505231629,2,3,738223
2022-03-10,118.9995491262671,53.525494174015286,15,21.12647057807065,3,3,738224
2022-03-11,127.6421278007731,49.89663352840824,73,22.816756474760943,4,3,738225
2022-03-12,119.97108924205192,49.502412707431866,21,21.255501940790808,5,3,738226
2022-03-13,131.10653761114375,53.87733773749836,55,20.58596798781821,6,3,738227
2022-03-14,154.34950693076306,48.27849242878478,96,16.583098200302157,0,3,738228
2022-03-15,121.66922461858226,49.780418005104224,46,20.66620526048004,1,3,738229
2022-03-16,125.0754088810446,49.80326017096485,23,20.044792751827792,2,3,738230
2022-03-17,119.22188069705209,50.96156027691322,44,15.918433131482807,3,3,738231
2022-03-18,122.57491151272312,45.86588345397179,96,22.92722895158343,4,3,738232
2022-03-19,136.74966892485384,53.38180316710872,47,21.189874007142944,5,3,738233
2022-03-20,126.67815781858468,54.79439254597157,17,20.14567530367665,6,3,738234
2022-03-21,155.8725121869104,46.40037625952373,49,18.12058896369723,0,3,738235
2022-03-22,113.56742797543976,47.22664888423423,23,19.881465868476848,1,3,738236
2022-03-23,132.22581134339177,50.939551904149866,98,23.36221135078188,2,3,738237
2022-03-24,123.41018429826616,51.02097436109589,26,17.24248704889687,3,3,738238
2022-03-25,125.80256189860766,49.17691072066559,52,18.26795042442012,4,3,738239
2022-03-26,127.1405619253756,52.46569361662087,96,24.200433742812223,5,3,738240
2022-03-27,126.86266010320212,46.36926168189308,91,16.621550936827376,6,3,738241
2022-03-28,154.5091354111407,50.45723513337354,85,22.854748008821048,0,3,738242
2022-03-29,125.15259802339833,52.385342210342,64,17.01788987109164,1,3,738243
2022-03-30,128.3196071051677,51.00200120525232,46,21.472402711318697,2,3,738244
2022-03-31,115.7993597258615,48.242216311499845,26,21.17763643338042,3,3,738245
2022-04-01,132.89093335411118,51.59794633613247,91,21.38197254348345,4,4,738246
2022-04-02,115.97696771862796,47.46926043994888,40,21.421342216477715,5,4,738247
2022-04-03,125.89207896928096,51.4701022578944,48,22.721384563492197,6,4,738248
2022-04-04,143.1117489189162,50.93409369239399,93,22.18164306541388,0,4,738249
2022-04-05,113.5676343165192,50.25582896316735,10,20.66372105988697,1,4,738250
2022-04-06,122.99535162638396,47.4318285961041,40,20.34130689291749,2,4,738251
2022-04-07,122.6542433879191,53.15805239758163,27,19.13840495298111,3,4,738252
2022-04-08,136.6493455598873,52.66283327304664,88,21.410489142569304,4,4,738253
2022-04-09,128.02184152086122,50.02575887645906,17,20.664583043589616,5,4,738254
2022-04-10,130.32355885407102,52.29977411169213,98,21.21400290152166,6,4,738255
2022-04-11,151.43737645061242,46.0610050073145,48,18.445358702003563,0,4,738256
2022-04-12,119.91107437677432,48.961090848756186,22,21.55253184293998,1,4,738257
2022-04-13,116.90450293201982,45.79473233567142,29,18.53177669830124,2,4,738258
2022-04-14,131.6363089916524,46.57012852066426,88,20.99975549211545,3,4,738259
2022-04-15,129.19700055681483,51.64298967079236,42,18.070960000647524,4,4,738260
2022-04-16,127.53565895720553,49.74856368892199,77,20.145064696361278,5,4,738261
2022-04-17,123.1980243080758,52.10717284932855,49,18.457821240754186,6,4,738262
2022-04-18,134.01417451410416,52.99624857882513,69,20.801543904719587,0,4,738263
2022-04-19,121.24370822811154,54.49292690478321,27,19.21708317756617,1,4,738264
2022-04-20,127.97590737585551,45.532581189359455,82,18.89235290816895,2,4,738265
2022-04-21,124.00483804759811,53.67457721909955,62,22.38253484202815,3,4,738266
2022-04-22,120.92440853362582,43.71449838436288,37,22.0795292176676,4,4,738267
2022-04-23,119.61504458341032,48.89263519562472,43,17.075247597723774,5,4,738268
2022-04-24,113.90428059151772,47.73729725079846,57,20.79686008783704,6,4,738269
2022-04-25,151.53826723675195,50.09903831729313,83,18.3491672760665,0,4,738270
2022-04-26,120.23490789761372,51.03029733685221,30,20.347919503510244,1,4,738271
2022-04-27,121.51082190662076,51.74666527649031,19,19.668131848485363,2,4,738272
2022-04-28,116.5814179587518,46.71921176840191,22,20.0805343549518,3,4,738273
2022-04-29,115.19990944636028,51.78508518032633,21,20.217912910327428,4,4,738274
2022-04-30,123.18977258301788,44.33937420690102,12,21.69840120764531,5,4,738275
2022-05-01,131.73866116483475,48.91037952357315,83,16.721888615274526,6,5,738276
2022-05-02,146.95686195745304,54.2614022206955,13,21.88323137873124,0,5,738277
2022-05-03,125.83181280230843,48.346059250963954,76,21.138698828722102,1,5,738278
2022-05-04,123.69436680073154,55.02983325780263,61,18.735110285693963,2,5,738279
2022-05-05,111.52490903310354,50.21555251274309,99,18.594008147729344,3,5,738280
2022-05-06,125.41956641968378,51.96887651895016,54,17.55100373271142,4,5,738281
2022-05-07,118.3748625733723,53.94741092645175,69,21.721452277261964,5,5,738282
2022-05-08,119.98579841088234,48.36515387481065,66,20.92453201287809,6,5,738283
2022-05-09,146.99403913496937,53.99753683594605,52,18.699718519366517,0,5,738284
2022-05-10,126.55892620313888,51.32392531882599,48,21.42403351004554,1,5,738285
2022-05-11,130.9323987001237,47.64163538895649,60,20.867361025927675,2,5,738286
2022-05-12,123.61364682875607,45.96348413530982,60,21.626957832000294,3,5,738287
2022-05-13,121.49502398771278,48.16171291138181,67,20.82259397318526,4,5,738288
2022-05-14,120.82604489513976,46.30291310729738,20,20.72561899749949,5,5,738289
2022-05-15,121.0784524453578,48.50097017916283,49,17.224141619682797,6,5,738290
2022-05-16,150.79634111434706,50.31594911978598,83,19.946901426186283,0,5,738291
2022-05-17,117.38321527086126,50.94046528032388,11,19.485480350800955,1,5,738292
2022-05-18,125.961013230214,50.43886566184075,73,19.28467532152997,2,5,738293
2022-05-19,119.47986347590084,50.26757629778016,29,18.97407312586182,3,5,738294
2022-05-20,123.24853607669012,47.52492605581823,45,19.333250368218764,4,5,738295
2022-05-21,118.59398666735156,51.52180737222292,57,21.51374768013937,5,5,738296
2022-05-22,116.81529712668592,52.19051998959173,11,20.11241650341939,6,5,738297
2022-05-23,142.72864643156066,52.34227232810851,72,17.66977029827618,0,5,738298
2022-05-24,133.37359746042975,48.328994050653066,96,14.73013327405548,1,5,738299
2022-05-25,118.35226344165665,47.93187821753181,64,20.83984992693372,2,5,738300
2022-05-26,127.31186826814644,49.62186310217485,65,18.624212708135957,3,5,738301
2022-05-27,131.42719981730127,52.740175774319695,34,21.544369109792108,4,5,738302
2022-05-28,109.66056914067887,50.49812678948544,45,14.400772454806084,5,5,738303
2022-05-29,119.76304900243773,51.08889934743089,16,20.10717035738695,6,5,738304
2022-05-30,155.1266147421706,56.00512344060501,86,18.49686369280916,0,5,738305
2022-05-31,130.42853154253896,52.37101402573436,37,19.918587581080235,1,5,738306
2022-06-01,155.23095260704645,46.85868824120983,74,19.363152977159864,2,6,738307
2022-06-02,158.2455231209976,48.81465597242665,69,17.558259453878865,3,6,738308
2022-06-03,155.20889132902198,51.94080876685257,92,13.030916358738692,4,6,738309
2022-06-04,161.53375269656706,59.220604080277575,83,19.3035644631628,5,6,738310
2022-06-05,152.36872408345045,53.85275619805902,46,18.22241389948136,6,6,738311
2022-06-06,175.82796759465828,48.08800598897897,55,22.19183127898789,0,6,738312
2022-06-07,156.3959433731314,52.17372215008179,55,21.2064525548168,1,6,738313
2022-06-08,154.38946890072157,49.98901965360235,56,19.055942507246694,2,6,738314
2022-06-09,155.53832239186278,49.63124507165357,78,21.991873432312246,3,6,738315
2022-06-10,143.73733024083154,50.807257235052994,91,19.303469973671177,4,6,738316
2022-06-11,150.84988461035155,50.28798444038618,40,21.95041565600863,5,6,738317
2022-06-12,162.392973796116,50.214143000988656,84,21.65964276894013,6,6,738318
2022-06-13,178.3405037852739,46.65646430996312,95,18.08399132266855,0,6,738319
2022-06-14,143.90315481526423,50.01698964667838,12,18.299382037607018,1,6,738320
2022-06-15,161.92252947102386,50.88016418924568,96,16.725416703399397,2,6,738321
2022-06-16,162.727024861682,53.72379162960356,56,18.520047881592216,3,6,738322
2022-06-17,159.00789668881296,48.19706589092342,25,20.36356101789139,4,6,738323
2022-06-18,152.4593105318986,52.043749816318496,43,21.259173967119185,5,6,738324
2022-06-19,155.1360003219162,50.83769738821083,89,18.050948282070788,6,6,738325
2022-06-20,200.27327982672105,50.96133729320476,75,21.11305341455924,0,6,738326
2022-06-21,159.75205362451595,52.30937969069884,48,16.680249012371682,1,6,738327
2022-06-22,144.2244693373766,48.02314322001628,41,22.098634500185625,2,6,738328
2022-06-23,162.52537545194525,48.963673590201815,76,17.700281513049994,3,6,738329
2022-06-24,159.4113742665226,51.686260445370806,58,21.94559664740315,4,6,738330
2022-06-25,150.91867037293434,46.52188226953048,20,22.35681297114654,5,6,738331
2022-06-26,137.67538145542696,51.87751050390697,15,19.190340513454174,6,6,738332
2022-06-27,175.6737957197007,50.66398220002844,87,20.23446482167741,0,6,738333
2022-06-28,149.0688030157899,54.92329749425316,80,22.95316978295372,1,6,738334
2022-06-29,159.1447341018877,48.64383033172949,69,15.511649135122248,2,6,738335
2022-06-30,153.0991781563729,53.56677537118942,55,19.14965045263898,3,6,738336
2022-07-01,154.84292545849192,52.03530739488071,40,23.96018702517281,4,7,738337
2022-07-02,152.12834376642078,49.82360866355834,50,18.819549065722157,5,7,738338
2022-07-03,155.61769906962172,51.52589872128304,59,19.12848252443924,6,7,738339
2022-07-04,185.3932946272296,48.97775703334971,46,22.113783706332068,0,7,738340
2022-07-05,157.02400259081395,47.77795290941644,35,18.971639905743103,1,7,738341
2022-07-06,157.89919622987443,47.88760076512063,77,18.728989529822904,2,7,738342
2022-07-07,143.11329105921183,54.68044040325375,37,20.18145518657941,3,7,738343
2022-07-08,164.58273565161872,49.26856025022481,92,22.135239562649414,4,7,738344
2022-07-09,144.51711328003302,48.85964702872937,80,14.942194340067037,5,7,738345
2022-07-10,160.17170087942048,48.73847387198478,56,18.710527072450347,6,7,738346
2022-07-11,181.52785754266768,48.828222891091976,67,18.018621954808765,0,7,738347
2022-07-12,161.48303708702352,52.12933119192011,84,20.50358240130287,1,7,738348
2022-07-13,158.05656100863266,48.75147375244438,74,21.00823969981821,2,7,738349
2022-07-14,140.01337116547066,48.24768746069707,24,21.46792415413756,3,7,738350
2022-07-15,162.48132906529747,45.57221995728567,37,15.971789019036075,4,7,738351
2022-07-16,154.50936161357492,48.043423938998814,76,19.221919260233733,5,7,738352
2022-07-17,148.714278320038,46.98868723371633,64,21.39937846705028,6,7,738353
2022-07-18,191.78991551141257,52.64296450681262,26,18.40062322331688,0,7,738354
2022-07-19,161.56649344985533,40.14295924204466,21,23.313715703503775,1,7,738355
2022-07-20,150.62441264177806,50.7418364935415,57,20.81639489258318,2,7,738356
2022-07-21,161.2997229554945,44.69364740647628,92,18.78302455951649,3,7,738357
2022-07-22,167.5835372953158,48.951429919382136,86,19.14585551443958,4,7,738358
2022-07-23,162.6999481137535,50.78486331292958,37,22.21548482776697,5,7,738359
2022-07-24,162.29283538723917,47.34848521277478,68,22.800339018055183,6,7,738360
2022-07-25,198.8629720777488,56.014887496553726,81,21.00261938342566,0,7,738361
2022-07-26,153.7022031551555,44.06904505049539,70,18.304720261356568,1,7,738362
2022-07-27,145.5493230889541,49.393659935870566,75,17.345184108763913,2,7,738363
2022-07-28,151.34361693794028,45.717711066104044,45,20.025691084609424,3,7,738364
2022-07-29,148.17068658386933,47.23903591157234,57,19.93744490154359,4,7,738365
2022-07-30,159.2599755191755,51.31476788563034,19,21.511750552688067,5,7,738366
2022-07-31,151.65936022300042,52.8193980562695,13,19.61894775564563,6,7,738367
2022-08-01,181.10804490221625,48.48170901452112,14,19.718100183090336,0,8,738368
2022-08-02,154.81229877919836,50.98343415905936,44,21.728286854249816,1,8,738369
2022-08-03,154.1366536065009,47.74145022778084,36,22.30993971472035,2,8,738370
2022-08-04,151.6082782221513,47.55114784582183,23,18.602986315932597,3,8,738371
2022-08-05,142.386466803609,46.52059183808232,30,21.618207953383905,4,8,738372
2022-08-06,146.33201774482842,43.65628524472297,50,18.0896194056388,5,8,738373
2022-08-07,158.00346142837068,48.29777535684824,68,17.740363457167735,6,8,738374
2022-08-08,164.18889533688213,50.43892688386705,18,21.26784933194065,0,8,738375
2022-08-09,154.99383544063534,49.51084029111293,55,18.528944208224186,1,8,738376
2022-08-10,154.18997762230552,51.368476950933136,55,22.77097265593192,2,8,738377
2022-08-11,157.2411191444328,52.82329192825929,95,18.60412800625198,3,8,738378
2022-08-12,157.44464772538666,46.591242509838345,89,18.916322035720054,4,8,738379
2022-08-13,152.96917923194573,45.85668992327221,34,20.2151147443549,5,8,738380
2022-08-14,159.84469363388354,46.515357492056566,57,20.62192064249588,6,8,738381
2022-08-15,179.0974722257791,55.68210838398343,90,19.92075878384264,0,8,738382
2022-08-16,155.28940234193848,50.70432451638335,83,20.230142285970604,1,8,738383
2022-08-17,155.31953487047284,49.53814817648278,72,22.69745369348322,2,8,738384
2022-08-18,160.68303159001576,47.76976755782793,56,17.103780380934765,3,8,738385
2022-08-19,152.3756441523619,49.8917987476962,35,20.94692387218644,4,8,738386
2022-08-20,166.09202059742816,52.54042166960661,43,17.49350928353583,5,8,738387
2022-08-21,148.35407287104425,51.72798458836344,41,17.684729795073594,6,8,738388
2022-08-22,184.2575796499379,48.90281936629916,84,20.16536426513465,0,8,738389
2022-08-23,150.93623724143512,46.70031982680239,48,18.01907226938321,1,8,738390
2022-08-24,160.16961994267442,50.27313883145259,70,21.05056012078949,2,8,738391
2022-08-25,143.77224430579614,47.8666692608636,37,17.486215016827362,3,8,738392
2022-08-26,151.24241032327666,46.75110577178904,62,19.09485659661507,4,8,738393
2022-08-27,157.83380266069742,49.85459336353368,11,21.905129294424903,5,8,738394
2022-08-28,152.9031026583743,47.16885377318352,66,20.588027558222667,6,8,738395
2022-08-29,166.32245145600697,47.7284023653258,93,18.48559029749838,0,8,738396
2022-08-30,159.01901860459446,49.35622448625837,83,21.044622344536744,1,8,738397
2022-08-31,143.68825680549963,45.16590287014253,51,22.685939126842207,2,8,738398
2022-09-01,127.24312040946896,49.57761586774721,84,19.844399285656543,3,9,738399
2022-09-02,122.40268027273495,48.73175458791266,51,23.426372589906357,4,9,738400
2022-09-03,116.9990153697606,52.15137641110172,15,21.587211409659623,5,9,738401
2022-09-04,121.98196165656697,51.322127099305554,96,22.74891809996422,6,9,738402
2022-09-05,140.1638343660134,52.07258193422168,85,17.45243277166642,0,9,738403
2022-09-06,125.0968767171905,50.378762812577165,37,19.81587392365634,1,9,738404
2022-09-07,113.1142098949626,47.423720194017925,16,19.492597668082464,2,9,738405
2022-09-08,129.39175166498978,55.346863996701096,98,22.59362164496933,3,9,738406
2022-09-09,123.9871106693441,50.68978960145913,50,22.212244344766265,4,9,738407
2022-09-10,137.90369398714546,47.89203308995353,29,24.5607916295184,5,9,738408
2022-09-11,117.248582167717,52.02389713426771,35,17.419986135749685,6,9,738409
2022-09-12,141.2248442284302,47.481088239568045,32,20.37891340116644,0,9,738410
2022-09-13,122.1387826113343,42.552008114276525,36,19.07457568479965,1,9,738411
2022-09-14,122.71777976566868,48.22879799959036,66,16.534870316573574,2,9,738412
2022-09-15,128.378706273552,49.20568121128655,95,18.92372442143021,3,9,738413
2022-09-16,130.65947931961483,54.20913800559082,42,20.08868401038617,4,9,738414
2022-09-17,125.61275350315525,47.55817542364538,58,20.61373455821885,5,9,738415
2022-09-18,118.58342641413198,50.66275900430902,16,18.96739575959142,6,9,738416
2022-09-19,144.8964644802757,45.39974467299105,79,22.012454416666284,0,9,738417
2022-09-20,111.38298368842727,50.220940840241056,17,23.023093396245528,1,9,738418
2022-09-21,129.7017316296647,52.062525882274365,79,20.868743937198104,2,9,738419
2022-09-22,118.27616555331709,47.43323181429889,71,18.17757732256453,3,9,738420
2022-09-23,122.18681880356355,52.37709403565511,77,22.97834648945588,4,9,738421
2022-09-24,129.39892262013743,48.56868752048605,75,21.81524329230889,5,9,738422
2022-09-25,125.94053516204832,47.68412329451055,72,18.420822807963287,6,9,738423
2022-09-26,137.63400298814437,45.87066039626553,21,19.799839449999457,0,9,738424
2022-09-27,120.59313980134648,45.240747487318224,15,21.87742207127611,1,9,738425
2022-09-28,129.80565089287288,54.92988265331184,66,17.507592442673072,2,9,738426
2022-09-29,124.02164441490204,49.279622488162175,79,20.20159005462836,3,9,738427
2022-09-30,139.61982277738946,50.291143105193854,77,18.22931101665988,4,9,738428
2022-10-01,127.81728001486044,51.72396231386548,60,18.93455856910084,5,10,738429
2022-10-02,130.12315856966154,51.25442619749479,54,21.587753224155044,6,10,738430
2022-10-03,141.500471558991,51.7965924082262,38,21.990067329399224,0,10,738431
2022-10-04,127.4951314678586,50.92527678887242,52,22.277924627386675,1,10,738432
2022-10-05,125.21265424643464,53.83417972956008,52,16.901476648785493,2,10,738433
2022-10-06,122.68219816733549,50.95926205532745,67,22.76354405247874,3,10,738434
2022-10-07,120.94493808622786,51.20085256350276,28,19.23152353513216,4,10,738435
2022-10-08,124.0191357325887,47.67102938650202,28,20.335101520325274,5,10,738436
2022-10-09,122.7919053956058,52.61864182969296,48,19.462561115011056,6,10,738437
2022-10-10,146.0227086034642,52.86564347836253,67,19.770351483457414,0,10,738438
2022-10-11,123.12138739985832,52.01029682624191,72,21.29712147420033,1,10,738439
2022-10-12,122.9524910191179,50.09666974062458,98,22.11717671894824,2,10,738440
2022-10-13,124.5948330305998,54.605052873785645,11,21.60217976639253,3,10,738441
2022-10-14,117.680330412684,51.793520025687975,25,22.19772315791166,4,10,738442
2022-10-15,119.8300193185813,44.64217361299245,18,20.98198859958399,5,10,738443
2022-10-16,126.04440748844355,47.49882601081256,93,22.92165364912092,6,10,738444
2022-10-17,141.4503894100723,46.29520063138276,59,19.5718813446247,0,10,738445
2022-10-18,127.96938380360211,50.96436095823627,85,15.65389847060538,1,10,738446
2022-10-19,120.7877807050645,49.37167708810796,89,21.62596094270127,2,10,738447
2022-10-20,122.53735155639438,41.86364696353402,58,20.031735201129223,3,10,738448
2022-10-21,124.61947126606576,45.13316997341692,51,20.415941274568745,4,10,738449
2022-10-22,124.49026793446431,55.3385071810804,15,16.00486209081933,5,10,738450
2022-10-23,124.04040026492832,46.37804843949951,92,19.407508980508748,6,10,738451
2022-10-24,149.9553673146065,51.75299188407099,31,20.39212389289438,0,10,738452
2022-10-25,117.05342886497914,48.69722171893068,55,17.634217380227113,1,10,738453
2022-10-26,129.50880111769635,50.53755697073639,98,21.517208672108524,2,10,738454
2022-10-27,126.79410839781065,50.87291131435494,38,17.69630833740836,3,10,738455
2022-10-28,125.79841319739371,47.78707701107202,77,21.53057425397299,4,10,738456
2022-10-29,122.67149658919004,50.38764446659841,96,16.91360154919315,5,10,738457
2022-10-30,127.8470547830746,50.20433958231637,94,23.99543207165067,6,10,738458
2022-10-31,141.39523737384835,51.115623193295015,47,18.643018432191734,0,10,738459
2022-11-01,126.47027532630231,53.37884802316163,61,21.055936833496197,1,11,738460
2022-11-02,128.42141233692675,51.29395129583604,81,20.427384530183076,2,11,738461
2022-11-03,131.16976263365893,52.44708821816049,74,20.36060309789386,3,11,738462
2022-11-04,118.3584564912366,46.672648016182144,75,21.49405700315639,4,11,738463
2022-11-05,133.0370426858184,53.11499396710847,80,19.870699928604672,5,11,738464
2022-11-06,132.93462166216776,51.11919170882689,48,19.581198519679774,6,11,738465
2022-11-07,137.03693125620032,45.88723529769428,34,18.62164272671635,0,11,738466
2022-11-08,117.65639573624026,56.37069844430612,10,20.148935185766906,1,11,738467
2022-11-09,125.26905794332863,53.58771402906056,70,21.549442408190316,2,11,738468
2022-11-10,117.51223088599798,48.97359674241934,59,20.87302810647884,3,11,738469
2022-11-11,116.53743867929909,48.36482997288855,16,20.36411147294761,4,11,738470
2022-11-12,122.5770198924258,51.111952058334815,91,18.534842648709454,5,11,738471
2022-11-13,128.9715526974614,51.79969189708475,78,21.20394015286201,6,11,738472
2022-11-14,138.15953673033525,51.477707740565975,14,22.88167477138872,0,11,738473
2022-11-15,129.26341165796416,51.93271940244847,82,18.440288531685493,1,11,738474
2022-11-16,129.78791748854215,50.89316405741834,85,18.115602782768,2,11,738475
2022-11-17,136.50204129528598,52.5383660192961,41,17.285239246167066,3,11,738476
2022-11-18,121.816457158506,52.19673178642007,61,22.143239975039176,4,11,738477
2022-11-19,121.74264421681812,49.49154459977693,36,19.12657894467453,5,11,738478
2022-11-20,119.41695711850755,48.85305125501528,23,26.631406510423883,6,11,738479
2022-11-21,145.1196852885962,53.00434047221928,47,21.53385320811097,0,11,738480
2022-11-22,130.96927095509253,51.72293813551335,58,17.661945200436573,1,11,738481
2022-11-23,118.6454454260072,49.542340965267705,42,20.80973325095789,2,11,738482
2022-11-24,130.43920654671103,50.80045914489239,31,18.43067655797863,3,11,738483
2022-11-25,127.93365987148222,52.37198057648549,11,26.412953936472324,4,11,738484
2022-11-26,127.7012208305204,53.48299313491003,93,21.152413574804303,5,11,738485
2022-11-27,121.96247914889769,47.19338232743974,34,19.00039304802511,6,11,738486
2022-11-28,139.51278030792298,51.208082537457095,35,18.839499820377387,0,11,738487
2022-11-29,130.56933600794795,54.59289067657412,97,18.108166723239105,1,11,738488
2022-11-30,126.66840255672112,48.54201646157644,77,18.244623794070115,2,11,738489
2022-12-01,133.86808513790814,45.91981501989214,91,19.04291934163073,3,12,738490
2022-12-02,128.1099566638744,47.458864166469866,98,20.579568763429396,4,12,738491
2022-12-03,127.9888775876733,49.932086177023656,80,25.12838184715528,5,12,738492
2022-12-04,122.10752550568246,51.1401160852084,38,20.48416393698005,6,12,738493
2022-12-05,134.10953211540496,50.86113782761521,17,17.16152234709779,0,12,738494
2022-12-06,133.8604629756066,51.2028302506017,34,19.763121708281247,1,12,738495
2022-12-07,127.30167528629283,49.405697902555424,85,14.173486532582572,2,12,738496
2022-12-08,123.62931773579916,47.33282990470029,70,20.75216763372271,3,12,738497
2022-12-09,117.50755793868537,47.83452659919247,16,19.81053655661545,4,12,738498
2022-12-10,126.2802033777308,51.24964478792528,65,19.30593464898383,5,12,738499
2022-12-11,125.20903425171149,49.49016158349176,98,17.145848634406402,6,12,738500
2022-12-12,148.00773526565146,50.42793502605367,63,18.92807936818559,0,12,738501
2022-12-13,122.99499093169165,51.24479255437456,50,18.684051333996816,1,12,738502
2022-12-14,119.9718316470932,53.16182878506073,25,20.43043987660312,2,12,738503
2022-12-15,125.4786188742168,51.08437746580132,60,22.76587048337726,3,12,738504
2022-12-16,119.4324886392666,45.687616689279096,15,17.205203072313378,4,12,738505
2022-12-17,127.1190277085201,50.25863810458552,10,20.04644750405712,5,12,738506
2022-12-18,128.39942284454924,47.53455756743427,46,17.33402762580477,6,12,738507
2022-12-19,145.05897665969496,53.12729636580712,23,17.952791574718105,0,12,738508
2022-12-20,130.90111194211096,52.9901297688605,88,14.82443716383997,1,12,738509
2022-12-21,123.67537696132764,53.3669922921381,58,20.218190233198506,2,12,738510
2022-12-22,128.60112388246904,50.305233164388845,28,19.499773303615736,3,12,738511
2022-12-23,125.41077951057444,48.086301229835385,79,18.445721009180986,4,12,738512
2022-12-24,129.9567178586045,48.232889338783046,67,19.895021521280764,5,12,738513
2022-12-25,116.37494625889047,47.69251507969469,48,22.39426648621889,6,12,738514
2022-12-26,149.90401676071787,53.32048344278213,25,23.082607832172247,0,12,738515
2022-12-27,130.6528416007418,51.35984691757437,92,18.17656758604773,1,12,738516
2022-12-28,132.0915452623981,53.69647464350288,98,20.149560860104867,2,12,738517
2022-12-29,122.23526374054828,52.838081303983,31,19.916371823097386,3,12,738518
2022-12-30,131.72429063245158,51.32160677160742,70,19.299182948640937,4,12,738519
2022-12-31,129.93468239385487,51.09784226025116,67,20.86199864870575,5,12,738520
2023-01-01,133.83470403648298,48.55630744037681,86,17.577342131414177,6,1,738521
2023-01-02,149.4829417605554,50.46536827015019,85,20.904964575818223,0,1,738522
2023-01-03,123.66248586548826,49.10070375465587,36,18.946858641465067,1,1,738523
2023-01-04,123.90927861746206,52.556232189100655,33,21.729282232416143,2,1,738524
2023-01-05,131.653375689558,50.64212941378587,36,21.349085268391875,3,1,738525
2023-01-06,128.15047413603924,49.64492672845461,72,22.81606015951877,4,1,738526
2023-01-07,130.09764784656898,46.37997476947934,75,20.12476996163118,5,1,738527
2023-01-08,124.947625973384,49.44080025213957,44,22.98570433682401,6,1,738528
2023-01-09,157.21184643705175,46.79728719969561,86,25.087556788175007,0,1,738529
2023-01-10,130.35849300728654,48.33053037785531,57,18.31364593783079,1,1,738530
2023-01-11,132.0341973475457,50.47280257226802,91,21.27051861495015,2,1,738531
2023-01-12,122.38681810522108,47.8105928880096,23,24.34400544238693,3,1,738532
2023-01-13,122.0537886561864,48.57173869587498,61,16.04161704405687,4,1,738533
2023-01-14,122.35611565476876,49.95233815757351,74,16.42773831703198,5,1,738534
2023-01-15,133.3481964731498,51.30625147234673,96,21.055452536909595,6,1,738535
2023-01-16,137.95115927013725,54.20670189557938,30,20.163118634096502,0,1,738536
2023-01-17,113.08031118705397,46.75560522432761,11,20.309272041833303,1,1,738537
2023-01-18,131.16703758147082,51.425302586042285,70,21.02955554116778,2,1,738538
2023-01-19,130.77152082513211,49.29242019051131,96,21.813144681975498,3,1,738539
2023-01-20,125.09098639137662,51.128471318478375,37,19.02730574001445,4,1,738540
2023-01-21,128.2543694330031,44.6827493659936,99,22.452852229417168,5,1,738541
2023-01-22,114.9452006539474,49.13606958352502,33,20.9202932665458,6,1,738542
2023-01-23,152.78484858542748,48.04242750983368,68,20.749168064032624,0,1,738543
2023-01-24,136.36184156547503,51.45999608173351,77,20.574610860984823,1,1,738544
2023-01-25,122.44397340563312,48.3426291572022,52,18.161411375361475,2,1,738545
2023-01-26,114.04260436130994,48.62345262609101,22,18.802633390321613,3,1,738546
2023-01-27,125.21344442913738,51.07572408928767,26,20.48956214629203,4,1,738547
2023-01-28,129.6804603721116,48.99323054661152,49,19.271078899224594,5,1,738548
2023-01-29,120.94147385860676,49.38976311964832,41,16.383843633179747,6,1,738549
2023-01-30,140.9688681734394,50.4940274423649,59,20.446844693889965,0,1,738550
2023-01-31,125.55809928406092,54.473274022390136,19,20.565151327396308,1,1,738551
2023-02-01,132.52943659260606,55.51766707164426,59,19.746766509411422,2,2,738552
2023-02-02,124.89223627432476,48.50208383337128,65,20.20703432992339,3,2,738553
2023-02-03,130.8798678224637,50.48263239186157,93,20.72169653492877,4,2,738554
2023-02-04,124.67615518452972,50.74667328807461,28,20.85071668241213,5,2,738555
2023-02-05,121.8370849994612,48.4754488254751,60,19.444988846744536,6,2,738556
2023-02-06,130.47447259898786,51.65339610018116,24,20.504128737616007,0,2,738557
2023-02-07,127.56735851447888,47.32446964575879,71,18.389823661938262,1,2,738558
2023-02-08,123.32091676502836,50.20000226815304,46,21.100086096410653,2,2,738559
2023-02-09,128.60731441787,47.46904549369697,54,19.73982104800993,3,2,738560
2023-02-10,124.80436740190108,46.84986139206634,61,21.344283321988087,4,2,738561
2023-02-11,121.59783215544084,46.87175294597373,37,16.83905580354889,5,2,738562
2023-02-12,121.55479773264872,47.96893731227404,75,19.33181568958393,6,2,738563
2023-02-13,151.69064301844736,51.28055943093506,55,20.53567748305509,0,2,738564
2023-02-14,132.24694871119607,48.6781190333045,24,20.38407929850352,1,2,738565
2023-02-15,126.5046416929643,50.50034407062496,68,22.793663770324617,2,2,738566
2023-02-16,129.8044348823337,49.722558598874215,90,22.23155045548127,3,2,738567
2023-02-17,128.81287879959055,50.89336580812571,30,20.24622383920483,4,2,738568
2023-02-18,122.35283032025436,47.73842108030515,47,17.74673271801931,5,2,738569
2023-02-19,135.31571112404094,53.57843960662284,89,18.872555791404405,6,2,738570
2023-02-20,138.6385359084672,53.94686685385828,46,22.24650812278042,0,2,738571
2023-02-21,113.96036900218948,50.64284675704616,63,20.99508900577866,1,2,738572
2023-02-22,127.08382205274437,50.25414111164048,49,22.245010439183687,2,2,738573
2023-02-23,121.7729248760735,46.88082630386439,66,18.77155426598052,3,2,738574
2023-02-24,115.70938043443476,50.875093116216014,68,16.808855516920527,4,2,738575
2023-02-25,124.14381253456648,52.1352539539368,51,21.29678892888875,5,2,738576
2023-02-26,125.33020476206651,55.34974906491257,92,22.71628007727102,6,2,738577
2023-02-27,144.27355514462275,46.37076138186026,89,21.09866114164761,0,2,738578
2023-02-28,124.10508098206692,52.60220687304051,58,23.105771228734184,1,2,738579
2023-03-01,109.25498902223302,49.99804041058252,25,19.404362422472595,2,3,738580
2023-03-02,138.46398432106963,48.41791730782408,81,16.862493768937597,3,3,738581
2023-03-03,119.38861266813802,48.894851406704944,10,21.18861335337357,4,3,738582
2023-03-04,129.68095783420355,51.34759545654495,62,23.036963341807027,5,3,738583
2023-03-05,123.23860683661148,49.26362868324152,85,17.921073652066863,6,3,738584
2023-03-06,143.3958667093082,53.92149344704503,71,18.45181500154144,0,3,738585
2023-03-07,122.35438055630348,48.730775581715776,63,14.538299906853634,1,3,738586
2023-03-08,126.00026925629273,47.93419809367501,78,22.282989506556177,2,3,738587
2023-03-09,124.93593018652676,54.531112956366194,36,22.362208608286547,3,3,738588
2023-03-10,118.9127957590283,46.82469345288315,26,19.59063132297877,4,3,738589
2023-03-11,125.2404731318272,46.51074952911026,90,19.434638333406124,5,3,738590
2023-03-12,119.3931069830378,44.27766624429625,51,20.33809193373972,6,3,738591
2023-03-13,141.60662548849734,49.89026197942499,82,16.132849865779356,0,3,738592
2023-03-14,111.99990505871207,49.65024003024224,46,21.101302680131816,1,3,738593
2023-03-15,130.8417654163918,49.56011291714569,86,17.54263686364346,2,3,738594
2023-03-16,133.0139042310173,52.00957815812231,78,21.509980641171037,3,3,738595
2023-03-17,122.38049565622777,54.31649898753763,46,23.196207502297103,4,3,738596
2023-03-18,127.0097169285612,51.73856004287792,55,16.946262336309765,5,3,738597
2023-03-19,132.30501621237607,45.613298583736494,99,19.21844892639097,6,3,738598
2023-03-20,149.32454936271913,52.49916809877815,36,22.17151637074604,0,3,738599
2023-03-21,114.42283646200104,53.730130597834986,14,17.62694681036754,1,3,738600
2023-03-22,121.8764713764352,52.40564622309565,85,22.35849727043135,2,3,738601
2023-03-23,116.3544143251148,48.99105232057597,21,20.57108686116034,3,3,738602
2023-03-24,118.59756923216094,49.918632306438376,14,21.411795761437222,4,3,738603
2023-03-25,129.09940348532254,54.16427301091276,85,21.373481396367044,5,3,738604
2023-03-26,131.77594202571004,54.12402440217258,99,16.865954463131086,6,3,738605
2023-03-27,153.15532324222815,50.51549292799031,84,21.415104061959106,0,3,738606
2023-03-28,119.583984168225,50.34350446330656,48,19.55814660036192,1,3,738607
2023-03-29,118.43953704538993,47.00702194727999,29,19.85753114420368,2,3,738608
2023-03-30,120.7400353782099,50.563502393306266,38,16.104269110125884,3,3,738609
2023-03-31,120.01566793568638,50.44402768234821,75,20.13927028469413,4,3,738610
2023-04-01,128.52620461151284,51.43509681297394,56,20.436393028457875,5,4,738611
2023-04-02,120.51322442548908,49.34321614855819,62,16.85755997134914,6,4,738612
2023-04-03,139.0734495231051,47.57414880597408,44,22.597696746033225,0,4,738613
2023-04-04,129.1985107640028,48.13504829250859,66,18.37582293161806,1,4,738614
2023-04-05,118.85209731226593,48.542233513093336,71,14.474788365481498,2,4,738615
2023-04-06,126.04145506169132,50.355696335956594,65,21.12536323543477,3,4,738616
2023-04-07,118.7836153134918,48.11357312374554,40,21.13279342485416,4,4,738617
2023-04-08,120.86006737217036,48.83194801280952,85,21.78495904836277,5,4,738618
2023-04-09,125.0702331151029,51.81967117891896,95,17.442159108902743,6,4,738619
2023-04-10,149.5196878301604,45.36493730547164,25,19.97465250863059,0,4,738620
2023-04-11,126.15820620126723,51.64918717369204,87,20.25727597257592,1,4,738621
2023-04-12,115.15545640694846,50.00254565060133,68,20.03594742532184,2,4,738622
2023-04-13,125.82368756452853,46.44750276630841,94,18.862641616610134,3,4,738623
2023-04-14,119.1147807827724,51.29566946094566,43,20.418553601474223,4,4,738624
2023-04-15,114.01754742651126,50.66972999093571,53,20.33606215146552,5,4,738625
2023-04-16,121.10098928211904,50.441984408345206,58,20.22958375900862,6,4,738626
2023-04-17,153.69885342110402,53.15538507147511,93,17.632491408550237,0,4,738627
2023-04-18,122.36503150983046,47.75746208641433,86,17.67137853791315,1,4,738628
2023-04-19,127.91815319055029,49.68384369381519,47,18.44531106886676,2,4,738629
2023-04-20,128.61724790492002,50.195457871736735,87,18.76334583281227,3,4,738630
2023-04-21,120.97245244491282,49.3945805313467,44,24.28357678671745,4,4,738631
2023-04-22,133.10366259674254,51.10745845255608,79,20.855702143379148,5,4,738632
2023-04-23,125.6285480736534,46.428244606367855,44,20.703685137893167,6,4,738633
2023-04-24,154.1171127407119,48.57728862438477,71,18.99094973568574,0,4,738634
2023-04-25,129.563301145975,50.90234917062337,85,18.332654028778204,1,4,738635
2023-04-26,123.17155397716144,49.54014648156602,36,21.394923281156736,2,4,738636
2023-04-27,136.6169857946715,50.09636442213992,91,17.919221500886096,3,4,738637
2023-04-28,122.6103530330378,51.1805837395722,15,21.23589671421153,4,4,738638
2023-04-29,121.53946153160734,54.62616829380747,25,21.83125545617404,5,4,738639
2023-04-30,126.54798617377506,45.01709515628213,69,22.472338275915067,6,4,738640
2023-05-01,141.83991766151388,51.09826154212103,40,23.68388689452308,0,5,738641
2023-05-02,131.53367194931351,47.8153291044502,75,21.83952347499878,1,5,738642
2023-05-03,115.48563147830788,53.08314704279869,37,18.62823954288537,2,5,738643
2023-05-04,132.62460908613937,54.557443282659946,65,19.78460326302168,3,5,738644
2023-05-05,121.82603540176127,45.59863895346928,55,19.33647650448808,4,5,738645
2023-05-06,116.26456486439024,46.494571269570606,10,18.55147993186085,5,5,738646
2023-05-07,120.31595441559608,49.336135662971685,41,19.039997868491813,6,5,738647
2023-05-08,143.25958242009352,53.248705819034925,61,17.361068692745224,0,5,738648
2023-05-09,121.6558495544326,49.22312326573238,32,18.870250962656527,1,5,738649
2023-05-10,121.3957850144112,48.96736341070411,29,16.310512366336233,2,5,738650
2023-05-11,126.29327340491322,51.22473200066961,67,20.66114357305735,3,5,738651
2023-05-12,120.97233398612636,53.731910594953575,50,21.16477741043667,4,5,738652
2023-05-13,115.93101010402154,53.58120112479846,17,23.81895025537954,5,5,738653
2023-05-14,138.28230967401902,48.868149642957256,70,20.414235915769662,6,5,738654
2023-05-15,136.8600028851601,44.472048319575,40,20.404028220203664,0,5,738655
2023-05-16,122.9197066081478,49.42473411440671,22,18.95201749498587,1,5,738656
2023-05-17,114.15912872278597,49.05614756931001,25,20.045637464626893,2,5,738657
2023-05-18,126.89077688057252,53.994012357966646,94,18.285741903419265,3,5,738658
2023-05-19,122.62475482164096,52.24892031401493,46,20.335360896607916,4,5,738659
2023-05-20,132.26033625770955,53.46722407105087,79,23.686891369033265,5,5,738660
2023-05-21,124.00997705343056,51.15636394663382,57,19.808931742374018,6,5,738661
2023-05-22,148.45246137923868,50.466307802616896,50,16.912226994158175,0,5,738662
2023-05-23,123.80609071222412,51.04868189157459,62,21.305534900697527,1,5,738663
2023-05-24,124.76356729688874,51.427326641604935,42,20.18399968233704,2,5,738664
2023-05-25,125.8047677590487,50.25143695182711,25,20.271195909751867,3,5,738665
2023-05-26,121.18749550873716,54.79118444082469,26,20.349403663900816,4,5,738666
2023-05-27,123.30467260029162,53.358570742557696,16,21.03110672170882,5,5,738667
2023-05-28,116.07967538275858,45.98123431966958,43,23.61622215043314,6,5,738668
2023-05-29,145.0383092777658,48.649857930183565,56,22.395058665060915,0,5,738669
2023-05-30,127.22436947464352,53.250968508901714,43,20.190133415641373,1,5,738670
2023-05-31,123.16331543371888,47.47219194102959,52,19.53805520313034,2,5,738671
2023-06-01,146.76879375623682,49.11528329677966,42,16.812395523249,3,6,738672
2023-06-02,158.53689482108177,44.63305083021845,92,21.27404008527879,4,6,738673
2023-06-03,160.07556007905671,50.51617673022675,52,19.688938388297768,5,6,738674
2023-06-04,138.3829421370978,48.54347251864269,12,23.00857427276372,6,6,738675
2023-06-05,190.8937802827284,50.45170747829382,79,19.80895953131288,0,6,738676
2023-06-06,154.78680904512095,48.05271595596911,75,19.31646740028016,1,6,738677
2023-06-07,153.3835144691575,50.18589316946508,45,16.228428601271947,2,6,738678
2023-06-08,161.5500256795089,52.78726190031385,96,22.61378896095051,3,6,738679
2023-06-09,159.40524694531123,55.05821634054136,73,23.65335319155148,4,6,738680
2023-06-10,146.00937721064474,52.669315027539774,32,18.221001197885776,5,6,738681
2023-06-11,145.1931251231115,48.14647298817541,20,20.208557761414813,6,6,738682
2023-06-12,188.49537484720216,55.757672514546535,11,15.20169583983435,0,6,738683
2023-06-13,158.94862642572895,49.53438334845863,39,21.671104298601257,1,6,738684
2023-06-14,162.16487838201328,48.71050113344305,80,14.80663033973412,2,6,738685
2023-06-15,152.8208084194964,51.09912052872063,85,20.210940758125247,3,6,738686
2023-06-16,159.1090360898882,47.000648491315225,75,17.15222990613995,4,6,738687
2023-06-17,152.97171357429255,56.70965465405848,71,20.4862622575993,5,6,738688
2023-06-18,145.77073111659377,50.13303122354858,32,19.621872060304977,6,6,738689
2023-06-19,202.75475757950025,50.76901590380504,93,19.785706470064905,0,6,738690
2023-06-20,156.93070222870963,48.99311739584007,57,19.85517115187521,1,6,738691
2023-06-21,160.07954689820676,52.32438520479252,77,18.945640558562925,2,6,738692
2023-06-22,153.0136036447313,52.84666919404372,35,16.442027710687782,3,6,738693
2023-06-23,163.4915683283595,47.493514199202494,53,17.426387236026297,4,6,738694
2023-06-24,148.87694147827332,47.60053363435305,43,21.660872612527363,5,6,738695
2023-06-25,160.7270751291871,48.73006400696531,58,20.671410956837427,6,6,738696
2023-06-26,187.6137769705556,50.540529605579856,87,20.659878154008545,0,6,738697
2023-06-27,158.58108680926262,46.07429994150223,36,19.930847616514832,1,6,738698
2023-06-28,160.9722657279826,51.23183774929883,12,20.77118091181155,2,6,738699
2023-06-29,150.93109475485838,51.92518285427293,36,21.089322058151296,3,6,738700
2023-06-30,158.91900781958051,43.39339272578553,80,19.11832042224115,4,6,738701
2023-07-01,163.32311841838424,49.492877774868525,87,17.901465978159386,5,7,738702
2023-07-02,145.24358330507278,51.78259928558542,88,15.65570047216172,6,7,738703
2023-07-03,182.462946510614,49.28138671759619,72,23.29169966209062,0,7,738704
2023-07-04,150.11155618051902,47.3348405813728,33,19.882709334474587,1,7,738705
2023-07-05,159.56779255497094,48.825820874772624,37,21.594178529093934,2,7,738706
2023-07-06,156.37739726570268,49.89269010931748,53,18.944305345068937,3,7,738707
2023-07-07,155.6463698976031,48.51269375937478,50,24.577482643163943,4,7,738708
2023-07-08,146.81180528007437,47.07753933267144,15,19.28930077285276,5,7,738709
2023-07-09,158.54027062054956,46.74239936236537,59,17.46907012330086,6,7,738710
2023-07-10,185.26047577360043,51.5710895929025,79,19.14226687895685,0,7,738711
2023-07-11,159.28995358950033,54.19841451148336,86,19.65839453673292,1,7,738712
2023-07-12,159.7304110995512,46.46183558977232,89,24.131343802736147,2,7,738713
2023-07-13,154.1048258516159,48.88827083475307,35,21.13063053419613,3,7,738714
2023-07-14,156.64328969050715,51.88918124414404,48,16.384243148393786,4,7,738715
2023-07-15,159.01806892745824,57.09527112314517,66,18.15740187777042,5,7,738716
2023-07-16,167.05378029842254,48.18107160795599,29,18.770403896272423,6,7,738717
2023-07-17,179.61028788419833,56.21710681649154,57,21.18287018701841,0,7,738718
2023-07-18,162.8052616062077,50.1828134300989,57,20.82453386089246,1,7,738719
2023-07-19,149.0141718271641,49.76083777772603,57,15.117494702924908,2,7,738720
2023-07-20,152.58250796814394,45.47370535250041,38,16.824089962400144,3,7,738721
2023-07-21,146.51586895207618,49.63496797579279,18,20.10590150958781,4,7,738722
2023-07-22,146.9812175304461,46.85622083304729,15,18.557852892305466,5,7,738723
2023-07-23,159.24933819185003,54.67791144870314,66,17.55521457481097,6,7,738724
2023-07-24,168.04079092491753,49.55682766670798,89,19.35515883717808,0,7,738725
2023-07-25,154.28073153688075,46.72133629675865,11,20.81109517263125,1,7,738726
2023-07-26,157.85369021530522,49.73819476308203,94,21.06623163328008,2,7,738727
2023-07-27,158.2748338590415,51.18342438555944,25,18.07767563901456,3,7,738728
2023-07-28,152.8252378562988,50.2373004895104,42,22.06850496021204,4,7,738729
2023-07-29,139.7270554911402,47.1957223006276,27,19.331493412354,5,7,738730
2023-07-30,153.8415238164843,48.85377304807427,91,21.728714791233912,6,7,738731
2023-07-31,185.6111083873958,50.29014971781222,53,22.97984241077277,0,7,738732
2023-08-01,154.00434027583483,46.19950313882671,30,18.016360948784296,1,8,738733
2023-08-02,146.09215616451036,50.0087156095848,68,21.42580408987596,2,8,738734
2023-08-03,151.42457349662996,46.76358630594417,38,19.190813062647408,3,8,738735
2023-08-04,148.88707923546173,46.69549823461647,49,21.97260151221003,4,8,738736
2023-08-05,169.62823841397042,53.20136010224181,96,18.38566436329879,5,8,738737
2023-08-06,163.81373615963767,46.93953730417677,64,22.981143510930316,6,8,738738
2023-08-07,184.85962403751736,51.62383131770624,27,20.893940753537755,0,8,738739
2023-08-08,143.37541780204498,54.81872222253891,71,21.14396064189886,1,8,738740
2023-08-09,167.31320167819072,50.41752469858671,78,21.1283848428007,2,8,738741
2023-08-10,141.28015428540718,45.82751904747627,45,18.658456577572416,3,8,738742
2023-08-11,142.64587510289144,46.831882450763096,87,17.765482296569747,4,8,738743
2023-08-12,154.10452613933148,49.75986411273154,60,20.417026192398566,5,8,738744
2023-08-13,158.66611891153025,47.8737305338375,84,19.07970314527854,6,8,738745
2023-08-14,191.13388768470745,52.52856380821032,90,22.812433912748883,0,8,738746
2023-08-15,147.50802572418527,52.36254860976769,34,21.33473049581793,1,8,738747
2023-08-16,144.46143408097038,52.66446880760152,25,18.06059053868295,2,8,738748
2023-08-17,153.58467230041074,47.65775698162518,99,20.030124817950785,3,8,738749
2023-08-18,155.92997481515764,50.31909219651445,86,17.407975522332315,4,8,738750
2023-08-19,162.21786751856948,51.1398124102076,63,19.97122942353419,5,8,738751
2023-08-20,158.56179792855806,49.99167401697085,78,22.736812426807923,6,8,738752
2023-08-21,185.85145549426943,51.01318245833564,55,17.440062795886263,0,8,738753
2023-08-22,151.4897534630541,49.30751076948547,14,17.725641411597785,1,8,738754
2023-08-23,156.45383662908526,48.45869195447854,29,20.299379931140045,2,8,738755
2023-08-24,157.06324085651548,49.14031798730566,16,24.53651712847587,3,8,738756
2023-08-25,153.9417471011987,53.09354789338048,10,17.826837641400484,4,8,738757
2023-08-26,159.1470466803824,51.55727129748753,96,19.68059595461392,5,8,738758
2023-08-27,165.12008757441671,54.198031508471445,56,19.678711683865533,6,8,738759
2023-08-28,179.89026753573435,48.054105329585575,16,18.205386866576795,0,8,738760
2023-08-29,155.10182939536554,46.53400758451664,72,20.041427642496178,1,8,738761
2023-08-30,160.21745941215516,50.96755107530954,70,20.2662328699622,2,8,738762
2023-08-31,156.22647266276573,49.86429868509646,53,20.5130527326078,3,8,738763
2023-09-01,130.73818966709553,52.54280134080236,52,17.515872710273236,4,9,738764
2023-09-02,124.9284857076751,50.15412227329587,57,20.752159502348988,5,9,738765
2023-09-03,128.944711084524,47.60440686602904,74,18.53084320276365,6,9,738766
2023-09-04,139.2152347801206,51.310019088379406,20,21.036277056976125,0,9,738767
2023-09-05,130.56661541662916,49.88268056884476,21,20.17147899601872,1,9,738768
2023-09-06,115.79335444921792,48.14808114798706,22,21.09244985162204,2,9,738769
2023-09-07,120.815724436672,48.27156084233911,38,20.77941874152449,3,9,738770
2023-09-08,122.71003235072516,51.58088971751756,58,19.02087998684889,4,9,738771
2023-09-09,126.63643469929151,47.23136055848716,10,20.790383078465183,5,9,738772
2023-09-10,124.11897666354042,50.76145187320377,54,19.27383862415525,6,9,738773
2023-09-11,135.5959260430598,54.87583115737505,71,21.43772791568463,0,9,738774
2023-09-12,129.94912843087394,49.011191577897286,58,19.52688258976201,1,9,738775
2023-09-13,119.87694704231686,46.811009195238256,33,19.01146672159704,2,9,738776
2023-09-14,125.74588788455476,49.78633425066449,88,24.279935501130083,3,9,738777
2023-09-15,128.68227481611575,52.73137283201293,19,23.57548612042263,4,9,738778
2023-09-16,123.81310189164138,53.48490713438446,84,18.9041712437,5,9,738779
2023-09-17,128.7116174941591,50.11075470618432,87,21.64658245704227,6,9,738780
2023-09-18,140.1921746701688,47.84818864039936,70,22.44646937694528,0,9,738781
2023-09-19,122.17979095420972,52.47139721656113,84,18.60301749565494,1,9,738782
2023-09-20,116.28062349674404,46.35348838972693,26,19.130217119099434,2,9,738783
2023-09-21,126.6740863448312,51.01436790373028,85,19.69607281349981,3,9,738784
2023-09-22,123.7258574891422,48.57961715514334,83,22.01809988384518,4,9,738785
2023-09-23,126.35476156911804,53.89150113794342,77,17.79666476266361,5,9,738786
2023-09-24,128.4656841963312,50.566800055336046,93,20.324480774273628,6,9,738787
2023-09-25,150.13536730317273,49.0647146502229,71,21.539511797905305,0,9,738788
2023-09-26,113.79840635687968,47.67537917673923,12,17.987410067901557,1,9,738789
2023-09-27,119.24097583245047,54.9439732326513,48,21.41251815972305,2,9,738790
2023-09-28,126.79998478676828,46.736220704423225,53,23.724297770826745,3,9,738791
2023-09-29,121.61938955462452,49.92698095443226,17,20.484669848546183,4,9,738792
2023-09-30,133.49144712471224,48.97563169765477,62,20.966433683930504,5,9,738793
2023-10-01,116.4495400324383,47.56991626790898,21,20.217416075768117,6,10,738794
2023-10-02,132.20732693151373,48.531313530420206,60,20.69078673536735,0,10,738795
2023-10-03,113.5184056774626,50.281423596855205,24,20.740542435906164,1,10,738796
2023-10-04,126.1029395994562,52.97142885000965,44,18.575883050414355,2,10,738797
2023-10-05,119.91610705452888,48.5319036471248,14,20.862932176856766,3,10,738798
2023-10-06,117.33089452206102,50.8728968226562,16,19.40516559500036,4,10,738799
2023-10-07,112.12640368671867,48.032773562741966,14,17.059043196547947,5,10,738800
2023-10-08,131.59359028747727,50.43570587187031,91,21.43287619974123,6,10,738801
2023-10-09,146.05394563277056,47.6116402227822,24,19.559977439846943,0,10,738802
2023-10-10,116.66505610811436,49.68962166070091,22,21.926139047238387,1,10,738803
2023-10-11,117.02027911974967,52.35488426155191,38,20.061085297792378,2,10,738804
2023-10-12,116.8635439540655,49.04066251218845,31,20.744373461954552,3,10,738805
2023-10-13,120.1136696422491,52.499566534274734,87,19.69677407585835,4,10,738806
2023-10-14,128.69931454032974,46.86371055334463,55,17.290220686531388,5,10,738807
2023-10-15,126.07827427291524,51.14391069701079,94,19.29845869758481,6,10,738808
2023-10-16,143.2572556805263,52.19516051896407,32,20.70420053940719,0,10,738809
2023-10-17,120.50213043450368,44.5400377900708,14,16.07379512844315,1,10,738810
2023-10-18,128.38525438430617,49.00920637569656,53,19.73562165327712,2,10,738811
2023-10-19,115.34343716638531,51.23899068530314,14,19.58891254659807,3,10,738812
2023-10-20,121.95932590156562,49.12859895640872,51,20.05713538042866,4,10,738813
2023-10-21,121.29151116787996,51.96829575944752,36,19.355301151607836,5,10,738814
2023-10-22,136.81539724421214,51.37407587310158,88,19.62540671693758,6,10,738815
2023-10-23,134.50720158820934,53.915151018915736,12,23.073330727989767,0,10,738816
2023-10-24,119.49546495586289,52.14266362189804,10,20.89971100167589,1,10,738817
2023-10-25,113.36539462460118,51.73513135279298,11,19.62853332466264,2,10,738818
2023-10-26,132.97939556543332,52.306930307258845,87,19.22189182017252,3,10,738819
2023-10-27,118.01479381958744,51.26943705948253,14,19.44764789479413,4,10,738820
2023-10-28,117.8888312331879,49.85500974444706,44,20.778008478122164,5,10,738821
2023-10-29,118.68090729229192,51.43139545228353,49,19.183350855837958,6,10,738822
2023-10-30,137.59332260223695,51.00238029597381,51,17.76258415962884,0,10,738823
2023-10-31,124.47047763126255,51.52546915061667,62,22.91046439559707,1,10,738824
2023-11-01,133.81727936614135,54.50576846343587,78,20.091846446400584,2,11,738825
2023-11-02,124.66101823246905,45.913067508992704,96,22.365944164659084,3,11,738826
2023-11-03,121.65699297390007,50.01465381197865,54,16.41139408222651,4,11,738827
2023-11-04,120.9291312542498,47.70522038194407,85,18.02254444522812,5,11,738828
2023-11-05,124.9816160068316,51.60862888257481,78,20.171155065590696,6,11,738829
2023-11-06,141.8681178070473,56.77262232990018,55,22.746535487308066,0,11,738830
2023-11-07,124.69126367244267,46.521590766905646,91,18.60661297555768,1,11,738831
2023-11-08,133.7510447689897,49.18537034061186,85,17.45547065703388,2,11,738832
2023-11-09,116.41787509645854,46.8629166570368,53,18.84742096721443,3,11,738833
2023-11-10,132.44074941453857,52.98204218449088,90,23.157104883621106,4,11,738834
2023-11-11,125.08329948940676,48.88992594929117,50,19.05286975154739,5,11,738835
2023-11-12,128.05076978524693,51.08705153249802,55,16.64934994473526,6,11,738836
2023-11-13,138.7242341164021,43.11800218698917,64,20.16999029900756,0,11,738837
2023-11-14,118.80958826355644,52.51934755045489,17,19.463687837324933,1,11,738838
2023-11-15,129.22353583632008,50.94052131728135,69,19.445327733425167,2,11,738839
2023-11-16,128.31185683209551,47.12799994554512,77,19.13759478663406,3,11,738840
2023-11-17,129.25392415214156,46.50682378695561,85,16.37683082542931,4,11,738841
2023-11-18,122.59432594405384,51.756226672008246,40,20.486027460804458,5,11,738842
2023-11-19,138.3764837563268,48.28756260475415,84,21.45183798629865,6,11,738843
2023-11-20,146.8442935851353,49.80284508207401,85,23.56414984667435,0,11,738844
2023-11-21,117.91325975454112,50.18334293866993,71,21.24573286293145,1,11,738845
2023-11-22,133.61690095786668,46.79116152647312,63,21.14857589832436,2,11,738846
2023-11-23,124.46437190285384,50.67055505521376,53,19.41586015495649,3,11,738847
2023-11-24,131.5293148075868,51.00960086428159,78,20.481897304647084,4,11,738848
2023-11-25,121.43930963638668,55.01646881405617,12,20.621638707887385,5,11,738849
2023-11-26,119.3583314712188,49.38905619575021,12,17.686549040698182,6,11,738850
2023-11-27,142.55214962108406,49.19487409867426,73,20.16642691306317,0,11,738851
2023-11-28,131.24113400876928,48.61353606608512,72,19.523686987106263,1,11,738852
2023-11-29,130.72668244427115,49.16960801840742,44,24.027430611080003,2,11,738853
2023-11-30,128.38395295480083,47.7171736583032,58,19.85992233715716,3,11,738854
2023-12-01,126.0902541660727,50.77879383401544,85,20.707475296042983,4,12,738855
2023-12-02,119.0957874622667,48.96740712921377,26,16.83375551649186,5,12,738856
2023-12-03,127.55977919051732,47.63352478505715,28,18.663637384131317,6,12,738857
2023-12-04,147.1933505655693,51.21962766617402,75,18.97686399699253,0,12,738858
2023-12-05,132.13041340537262,51.79502008189963,74,20.93015442549981,1,12,738859
2023-12-06,119.06490600940214,52.45440468356552,25,21.25483489451462,2,12,738860
2023-12-07,136.72275099747486,54.587293760527416,66,18.80559308647868,3,12,738861
2023-12-08,122.15250290409978,54.25771482881548,34,18.61878508379886,4,12,738862
2023-12-09,126.16421417122451,54.58602145355753,20,20.802126805137167,5,12,738863
2023-12-10,113.78334009372668,46.04151076819293,31,21.21031219010987,6,12,738864
2023-12-11,139.6373337818206,45.47306516726849,23,18.170419968328257,0,12,738865
2023-12-12,135.37699728272932,54.19778951537207,29,17.939614685271188,1,12,738866
2023-12-13,124.83714137927018,46.50436970733887,75,18.855757493964663,2,12,738867
2023-12-14,132.82044589859248,47.47391462895594,75,22.48517825546385,3,12,738868
2023-12-15,125.47203738387611,50.34155922208245,19,19.889842456094183,4,12,738869
2023-12-16,129.2183440226174,51.00809962139548,62,20.33635480462461,5,12,738870
2023-12-17,120.978973243317,48.00161936300742,70,20.781639464854926,6,12,738871
2023-12-18,141.74556567106703,47.48620470879101,87,16.298259999734235,0,12,738872
2023-12-19,116.62013708583146,50.50785367065644,67,17.21394116550176,1,12,738873
2023-12-20,129.21884213991882,48.54740471543581,83,17.647222783440345,2,12,738874
2023-12-21,121.0834662280234,49.60308779044546,39,20.500995166777034,3,12,738875
2023-12-22,127.68092639243044,51.7744363468854,46,19.25594078063092,4,12,738876
2023-12-23,113.13669240237851,48.27309904185156,14,21.747018627056395,5,12,738877
2023-12-24,128.6106040479188,49.52091820597978,96,13.067299676344971,6,12,738878
2023-12-25,153.5279239943516,51.74417125498167,88,19.149253401546773,0,12,738879
2023-12-26,126.32358346419166,48.43459935207688,52,20.35899003980581,1,12,738880
2023-12-27,128.22298442554833,48.196359976017,40,21.81050723569303,2,12,738881
2023-12-28,119.97363819869352,54.15948149911866,17,19.461625878188244,3,12,738882
2023-12-29,117.01362241807362,46.51371961953086,47,18.743734976332007,4,12,738883
2023-12-30,125.96829712069268,49.21884608019256,56,18.541248712866345,5,12,738884
2023-12-31,134.34343053907165,51.941817832887374,94,19.505655543672155,6,12,738885
